{"best_params": {"short_ma": 33, "long_ma": 20}, "best_return": 24.834334987346086, "buy_hold_return": 14.697069605552414, "sharpe_ratio": 2.3381092377979003, "trade_count": 3, "status": "completed", "previous_best_return": 0.0}