{
    "new_run_data": [
        {
            "ticker": "REMX",
            "shares": 69,
            "live_price_at_eval": 72.1500015258789,
            "actual_money_allocation": 4978.3501052856445,
            "actual_percent_allocation": 49.783501052856444,
            "raw_invest_score": 71.71278586635749,
            "sub_portfolio_id": "Sub-Portfolio 1",
            "path": [
                "REMX"
            ],
            "value": 4978.3501052856445
        },
        {
            "ticker": "MU",
            "shares": 69,
            "live_price_at_eval": 72.1500015258789,
            "actual_money_allocation": 4978.3501052856445,
            "actual_percent_allocation": 49.783501052856444,
            "raw_invest_score": 71.71278586635749,
            "sub_portfolio_id": "Sub-Portfolio 1",
            "path": [
                "MU"
            ],
            "value": 4978.3501052856445
        }
    ],
    "final_cash": 43.29978942871094,
    "total_value": 10000.0,
    "user_id": "jb8jHxIcJuNzZF4GWUm1Kfar4it1",
    "timestamp": "2025-12-06 00:13:58.245877"
}