{
    "new_run_data": [
        {
            "ticker": "REMX",
            "shares": 28.0,
            "live_price_at_eval": 74.80999755859375,
            "actual_money_allocation": 2094.679931640625,
            "actual_percent_allocation": 20.999166314697266,
            "raw_invest_score": 74.87934716977664,
            "sub_portfolio_id": "Sub-Portfolio 1",
            "path": [
                "REMX"
            ],
            "value": 2094.679931640625
        },
        {
            "ticker": "GOOG",
            "shares": 10.5,
            "live_price_at_eval": 320.1199951171875,
            "actual_money_allocation": 3361.2599487304688,
            "actual_percent_allocation": 33.90070748291016,
            "raw_invest_score": 110.62107794551694,
            "sub_portfolio_id": "Sub-Portfolio 1",
            "path": [
                "GOOG"
            ],
            "value": 3361.2599487304688
        },
        {
            "ticker": "BRK.B",
            "shares": 2.9,
            "live_price_at_eval": 513.8099975585938,
            "actual_money_allocation": 1490.0489929199218,
            "actual_percent_allocation": 15.362918927001953,
            "raw_invest_score": 59.19641384061386,
            "sub_portfolio_id": "Sub-Portfolio 2",
            "path": [
                "BRK.B"
            ],
            "value": 1490.0489929199218
        },
        {
            "ticker": "MU",
            "shares": 12.5,
            "live_price_at_eval": 236.47999572753906,
            "actual_money_allocation": 2955.9999465942383,
            "actual_percent_allocation": 29.749183462524414,
            "raw_invest_score": 99.15433411540326,
            "sub_portfolio_id": "Sub-Portfolio 2",
            "path": [
                "MU"
            ],
            "value": 2955.9999465942383
        }
    ],
    "final_cash": 98.01118011474682,
    "total_value": 10000.0
}